Unique ID,Title,Slug,Order,Status,Content,Author ID,Meta Title,Meta Description,Meta Keywords
1,Lorem Title 1,,1,publish,Lorem has a repuation of finding really 1 ,,meta title 1,meta desc 1,keyword 1
2,Lorem Title 2,,2,publish,Lorem has a repuation of finding really 2,,meta title 2,meta desc 2,keyword 2
3,Lorem Title 3,,3,publish,Lorem has a repuation of finding really 3,,meta title 3,meta desc 3,keyword 3
4,Lorem Title 4,,4,publish,Lorem has a repuation of finding really 4,,meta title 4,meta desc 4,keyword 4
5,Lorem Title 5,,5,publish,Lorem has a repuation of finding really 5,,meta title 5,meta desc 5,keyword 5
6,Lorem Title 6,,6,publish,Lorem has a repuation of finding really 6,,meta title 6,meta desc 6,keyword 6
7,Lorem Title 7,,7,publish,Lorem has a repuation of finding really 7,,meta title 7,meta desc 7,keyword 7
8,Lorem Title 8,,8,publish,Lorem has a repuation of finding really 8,,meta title 8,meta desc 8,keyword 8
9,Lorem Title 9,,9,publish,Lorem has a repuation of finding really 9,,meta title 9,meta desc 9,keyword 9
10,Lorem Title 10,,10,publish,Lorem has a repuation of finding really 10,,meta title 10,meta desc 10,keyword 10
